﻿<?xml version="1.0" encoding="utf-8"?>
<ManagementPack ContentReadable="true" SchemaVersion="1.1" OriginalSchemaVersion="1.1" xmlns:xsd="http://www.w3.org/2001/XMLSchema" xmlns:xsl="http://www.w3.org/1999/XSL/Transform">
	<Manifest>
		<Identity>
			<ID>Custom.ReleaseRecordAssignmentChanges.Notification</ID>
			<Version>7.0.6555.0</Version>
		</Identity>
		<Name>Release Record Assignment Changes Notification Workflow</Name>
		<References>
			<Reference Alias="WorkItem">
				<ID>System.WorkItem.Library</ID>
				<Version>7.0.6555.0</Version>
				<PublicKeyToken>31bf3856ad364e35</PublicKeyToken>
			</Reference>
			<Reference Alias="SMReleaseRecord">
				<ID>ServiceManager.ReleaseManagement.Library</ID>
				<Version>7.5.1561.0</Version>
				<PublicKeyToken>31bf3856ad364e35</PublicKeyToken>
			</Reference>
			<Reference Alias="CustomSystem_WorkItem_ReleaseRecord_Library">
				<ID>System.WorkItem.ReleaseRecord.Library</ID>
				<Version>7.5.1561.0</Version>
				<PublicKeyToken>31bf3856ad364e35</PublicKeyToken>
			</Reference>
			<Reference Alias="SystemCenter">
				<ID>Microsoft.SystemCenter.Subscriptions</ID>
				<Version>7.0.6555.0</Version>
				<PublicKeyToken>31bf3856ad364e35</PublicKeyToken>
			</Reference>
			<Reference Alias="EnterpriseManagement1">
				<ID>Microsoft.EnterpriseManagement.ServiceManager.UI.Administration</ID>
				<Version>7.0.6555.0</Version>
				<PublicKeyToken>31bf3856ad364e35</PublicKeyToken>
			</Reference>
			<Reference Alias="EnterpriseManagement">
				<ID>Microsoft.EnterpriseManagement.ServiceManager.UI.Console</ID>
				<Version>7.0.6555.0</Version>
				<PublicKeyToken>31bf3856ad364e35</PublicKeyToken>
			</Reference>
			<Reference Alias="System">
				<ID>System.Library</ID>
				<Version>7.0.6555.0</Version>
				<PublicKeyToken>31bf3856ad364e35</PublicKeyToken>
			</Reference>
		</References>
	</Manifest>
	<Categories>
		<Category ID="Category.Custom.ReleaseRecordAssignmentChanges.Notification.ManagementPack" Value="EnterpriseManagement!Microsoft.EnterpriseManagement.ServiceManager.ManagementPack">
			<ManagementPackName>Custom.ReleaseRecordAssignmentChanges.Notification</ManagementPackName>
			<ManagementPackVersion>7.0.6555.0</ManagementPackVersion>
		</Category>
		<Category ID="Category.ReleaseRecordAssignmentChanges" Target="ReleaseRecordAssignmentChanges" Value="EnterpriseManagement1!Microsoft.EnterpriseManagement.ServiceManager.Rules.WorkflowSubscriptions" />
	</Categories>
	<Monitoring>
		<Rules>
			<Rule ID="ReleaseRecordAssignmentChanges" Enabled="true" Target="SMReleaseRecord!System.WorkItem.ReleaseRecord.WorkflowTarget" ConfirmDelivery="true" Remotable="true" Priority="Normal" DiscardLevel="100">
				<Category>System</Category>
				<DataSources>
					<DataSource ID="DS" TypeID="SystemCenter!Microsoft.SystemCenter.CmdbInstanceSubscription.DataSourceModule">
						<Subscription>
							<RelationshipSubscription RelType="$MPElement[Name='WorkItem!System.WorkItemAssignedToUser']$" SourceType="$MPElement[Name='CustomSystem_WorkItem_ReleaseRecord_Library!System.WorkItem.ReleaseRecord']$" TargetType="$MPElement[Name='System!System.Domain.User']$">
								<AddRelationship />
							</RelationshipSubscription>
							<PollingIntervalInSeconds>30</PollingIntervalInSeconds>
							<BatchSize>100</BatchSize>
						</Subscription>
					</DataSource>
				</DataSources>
				<WriteActions>
					<WriteAction ID="WA" TypeID="SystemCenter!Microsoft.EnterpriseManagement.SystemCenter.Subscription.WindowsWorkflowTaskWriteAction">
						<Subscription>
							<EnableBatchProcessing>false</EnableBatchProcessing>
							<WindowsWorkflowConfiguration>
								<AssemblyName>Microsoft.EnterpriseManagement.WorkflowFoundation</AssemblyName>
								<WorkflowTypeName>Microsoft.EnterpriseManagement.WorkflowFoundation.ConfigurationWorkflow</WorkflowTypeName>
								<WorkflowParameters>
									<WorkflowParameter Name="InstanceId" Type="guid">$Data/BaseManagedEntityId$
									</WorkflowParameter>
									<WorkflowArrayParameter Name="NotificationTemplateIdList" Type="guid">
										<Item>D7300027-148A-E80B-D18E-4D32FDADDFAD</Item>
									</WorkflowArrayParameter>
									<WorkflowArrayParameter Name="UserRelationshipIdList" Type="guid">
										<Item>$MPElement[Name='WorkItem!System.WorkItemAssignedToUser']$</Item>
									</WorkflowArrayParameter>
								</WorkflowParameters>
								<RetryExceptions />
								<RetryDelaySeconds>60</RetryDelaySeconds>
								<MaximumRunningTimeSeconds>1500</MaximumRunningTimeSeconds>
							</WindowsWorkflowConfiguration>
						</Subscription>
					</WriteAction>
				</WriteActions>
			</Rule>
		</Rules>
	</Monitoring>
	<LanguagePacks>
		<LanguagePack ID="ENU" IsDefault="true">
			<DisplayStrings>
				<DisplayString ElementID="Custom.ReleaseRecordAssignmentChanges.Notification">
					<Name>Custom Service Manager Release Record Assignment Changes Notification Workflow</Name>
					<Description>Service Manager Release Record Assignment Changes Workflow</Description>
				</DisplayString>
				<DisplayString ElementID="ReleaseRecordAssignmentChanges">
					<Name>Release Record Assignment Notification</Name>
				</DisplayString>
			</DisplayStrings>
		</LanguagePack>
	</LanguagePacks>
</ManagementPack>