﻿<?xml version="1.0" encoding="utf-8"?>
<ManagementPack ContentReadable="true" SchemaVersion="1.1" OriginalSchemaVersion="1.1" xmlns:xsd="http://www.w3.org/2001/XMLSchema" xmlns:xsl="http://www.w3.org/1999/XSL/Transform">
	<Manifest>
		<Identity>
			<ID>Custom.ServiceRequestAssignmentChanges.Notification</ID>
			<Version>7.0.6555.0</Version>
		</Identity>
		<Name>Service Request Assignment Changes Notification Workflow</Name>
		<References>
			<Reference Alias="WorkItem">
				<ID>System.WorkItem.Library</ID>
				<Version>7.0.6555.0</Version>
				<PublicKeyToken>31bf3856ad364e35</PublicKeyToken>
			</Reference>
			<Reference Alias="SMServiceRequest">
				<ID>ServiceManager.ServiceRequest.Library</ID>
				<Version>7.5.1561.0</Version>
				<PublicKeyToken>31bf3856ad364e35</PublicKeyToken>
			</Reference>
			<Reference Alias="CustomSystem_WorkItem_ServiceRequest_Library">
				<ID>System.WorkItem.ServiceRequest.Library</ID>
				<Version>7.5.1561.0</Version>
				<PublicKeyToken>31bf3856ad364e35</PublicKeyToken>
			</Reference>
			<Reference Alias="SystemCenter">
				<ID>Microsoft.SystemCenter.Subscriptions</ID>
				<Version>7.0.6555.0</Version>
				<PublicKeyToken>31bf3856ad364e35</PublicKeyToken>
			</Reference>
			<Reference Alias="EnterpriseManagement1">
				<ID>Microsoft.EnterpriseManagement.ServiceManager.UI.Administration</ID>
				<Version>7.0.6555.0</Version>
				<PublicKeyToken>31bf3856ad364e35</PublicKeyToken>
			</Reference>
			<Reference Alias="EnterpriseManagement">
				<ID>Microsoft.EnterpriseManagement.ServiceManager.UI.Console</ID>
				<Version>7.0.6555.0</Version>
				<PublicKeyToken>31bf3856ad364e35</PublicKeyToken>
			</Reference>
			<Reference Alias="System">
				<ID>System.Library</ID>
				<Version>7.0.6555.0</Version>
				<PublicKeyToken>31bf3856ad364e35</PublicKeyToken>
			</Reference>
		</References>
	</Manifest>
	<Categories>
		<Category ID="Category.Custom.ServiceRequestAssignmentChanges.Notification.ManagementPack" Value="EnterpriseManagement!Microsoft.EnterpriseManagement.ServiceManager.ManagementPack">
			<ManagementPackName>Custom.ServiceRequestAssignmentChanges.Notification</ManagementPackName>
			<ManagementPackVersion>7.0.6555.0</ManagementPackVersion>
		</Category>
		<Category ID="Category.ServiceRequestAssignmentChanges" Target="ServiceRequestAssignmentChanges" Value="EnterpriseManagement1!Microsoft.EnterpriseManagement.ServiceManager.Rules.WorkflowSubscriptions" />
	</Categories>
	<Monitoring>
		<Rules>
			<Rule ID="ServiceRequestAssignmentChanges" Enabled="true" Target="SMServiceRequest!System.WorkItem.ServiceRequest.WorkflowTarget" ConfirmDelivery="false" Remotable="true" Priority="Normal" DiscardLevel="100">
				<Category>System</Category>
				<DataSources>
					<DataSource ID="DS" TypeID="SystemCenter!Microsoft.SystemCenter.CmdbInstanceSubscription.DataSourceModule">
						<Subscription>
							<RelationshipSubscription RelType="$MPElement[Name='WorkItem!System.WorkItemAssignedToUser']$" SourceType="$MPElement[Name='CustomSystem_WorkItem_ServiceRequest_Library!System.WorkItem.ServiceRequest']$" TargetType="$MPElement[Name='System!System.Domain.User']$">
								<AddRelationship />
							</RelationshipSubscription>
							<PollingIntervalInSeconds>30</PollingIntervalInSeconds>
							<BatchSize>100</BatchSize>
						</Subscription>
					</DataSource>
				</DataSources>
				<WriteActions>
					<WriteAction ID="WA" TypeID="SystemCenter!Microsoft.EnterpriseManagement.SystemCenter.Subscription.WindowsWorkflowTaskWriteAction">
						<Subscription>
							<EnableBatchProcessing>false</EnableBatchProcessing>
							<WindowsWorkflowConfiguration>
								<AssemblyName>Microsoft.EnterpriseManagement.WorkflowFoundation</AssemblyName>
								<WorkflowTypeName>Microsoft.EnterpriseManagement.WorkflowFoundation.ConfigurationWorkflow</WorkflowTypeName>
								<WorkflowParameters>
									<WorkflowParameter Name="InstanceId" Type="guid">
										$Data/BaseManagedEntityId$
									</WorkflowParameter>
									<WorkflowArrayParameter Name="NotificationTemplateIdList" Type="guid">
										<Item>8B32C6A1-4E4E-2387-2318-7BD12738DB90</Item>
										<Item>196BBD33-1751-9AC2-BCF7-7CCF979AB55C</Item>
									</WorkflowArrayParameter>
									<WorkflowArrayParameter Name="UserRelationshipIdList" Type="guid">
										<Item>15e577a3-6bf9-6713-4eac-ba5a5b7c4722</Item>
										<Item>DFF9BE66-38B0-B6D6-6144-A412A3EBD4CE</Item>
									</WorkflowArrayParameter>
							</WorkflowParameters>
							<RetryExceptions />
							<RetryDelaySeconds>60</RetryDelaySeconds>
							<MaximumRunningTimeSeconds>1500</MaximumRunningTimeSeconds>
						</WindowsWorkflowConfiguration>
					</Subscription>
				</WriteAction>
				</WriteActions>
			</Rule>
		</Rules>
	</Monitoring>
	<LanguagePacks>
		<LanguagePack ID="ENU" IsDefault="true">
			<DisplayStrings>
				<DisplayString ElementID="Custom.ServiceRequestAssignmentChanges.Notification">
					<Name>Custom Service Manager Service Request Assignment Changes Notification Workflow</Name>
					<Description>Service Manager Service Request Assignment Changes Workflow</Description>
				</DisplayString>
				<DisplayString ElementID="ServiceRequestAssignmentChanges">
					<Name>Service Request Assignment Notification</Name>
				</DisplayString>
			</DisplayStrings>
		</LanguagePack>
	</LanguagePacks>
</ManagementPack>